{"llegaron": ["arrived"], "personales": ["personal"], "mand\u00e9": ["I sent"], "sindical": ["union"], "admiti\u00f3": ["admitted"], "gast\u00f3": ["spent"], "146600": ["146600"], "estrat\u00e9gicas": ["strategic", "strategical"], "Ponga": ["place"], "pl\u00e1cidos": ["placid"], "OHL": ["OHL"], "27": ["27"], "Virgilio": ["Virgilio"], "han": ["have"], "euros": ["euros"], "lo": ["the", "it", "him", "to it"], "recibos": ["receipts", "acquittances", "quittances"], "explicaron": ["explained", "accounted for"], "juez": ["judge"], "aun": ["even"], "Fundaci\u00f3n": ["foundation", "institution", "establishment", "endowment", "foundry"], "nadie": ["no one", "nobody", "anyone"], "black": ["black"], "130900": ["130900"], "sostiene": ["holding"], "aceptar": ["accept", "take", "admit", "take on", "agree", "adopt", "allow", "say yes to", "take in", "take up"], "declarado": ["declared", "outright", "professed", "avowed"], "gastar": ["spend", "waste", "consume", "wear"], "comprobar": ["check", "ascertain", "test", "prove", "make sure", "check up on", "test out", "substantiate"], "comprobarlo": ["check this"], "ser": ["be", "come", "being", "thing"], "relacionados": ["related", "allied", "relevant", "germane"], "marco": ["framework", "frame", "mark", "mounting", "setting"], "estaba": ["was"], "por": ["by", "for", "per", "to", "through"], "de": ["of", "from", "by", "about", "at", "with", "out", "off", "than"], "hiciera": ["do"], "algunos": ["some"], "C\u00f3mo": ["how come"], "evidente": ["obvious"], "dar": ["give", "hand", "gift", "produce", "yield", "show", "put on", "give off", "teach", "lecture"], "tanto": ["so much", "so", "how", "touchdown", "point"], "Tampoco": ["neither"], "OO": ["OO"], "especie": ["speicies", "kind", "sort"], "guard\u00f3": ["kept", "saved"], "Los": ["the", "them"], "oposici\u00f3n": ["opposition", "competition", "antagonism", "objection", "defiance"], "fianza": ["bail", "bond", "deposit", "security", "guarantee"], "entidad": ["entity"], "sin": ["without", "run out", "minus", "less", "except"], "presidente": ["president", "chairman", "speaker", "head of state"], "ninguna": ["no"], "L\u00f3pez": ["L\u00f3pez"], "tras": ["after", "behind", "beyond"], "meses": ["months"], "Rodrigo": ["Rodrigo"], "pedir": ["ask", "inquire", "request", "order", "demand"], "el": ["the"], "socialista": ["socialist"], "en": ["in", "on", "at", "to", "into", "for", "by", "about"], "poca": ["little"], "Jos\u00e9": ["Jos\u00e9"], "cosa": ["thing", "matter", "object"], "nivel": ["level", "tier", "standard", "plane", "pitch"], "cuentas": ["accounts", "beading"], "necesidad": ["need", "want", "necessity", "requirement", "neediness"], "existe": ["there", "exist", "be", "occur", "feature"], "tributar": ["taxed"], "dispares": ["disparate"], "hace": ["do", "make", "cause", "ask", "lumber", "perpetrate", "take on", "pull", "wet", "create"], "82": ["82"], "argumentos": ["arguments", "reasoning"], "hacer": ["do", "make", "cause", "ask", "lumber", "perpetrate", "take on", "pull", "wet", "create"], "creer": ["believe", "trust", "think", "suppose", "guess", "make", "fancy", "consider", "look at", "deem"], "liberales": ["liberals", "liberal"], "inc\u00f3modos": ["uncomfortable", "awkward", "cumbersome", "inconvenient", "comfortless", "incommodious"], "esc\u00e1ndalo": ["scandal", "outrage", "fuss", "furor", "noise", "disgrace", "scene", "row", "uproar", "commotion"], "Rodr\u00edguez": ["Rodr\u00edguez"], "obstante": ["however"], "permite": ["allows"], "actividad": ["activity", "movement", "briskness", "ado", "commonness"], "Hacienda": ["ranch"], "juego": ["game", "play", "gambling", "set", "sport", "movement", "court", "service", "suite"], "tenido": ["held"], "decisiones": ["decisions", "rules"], "bien": ["all right", "well nice", "good", "right", "properly", "decently", "alright", "rightly", "nicely", "right"], "caja": ["box", "case", "casing", "cash", "shaft", "well", "crate", "barrel", "drawer", "cashbox"], "sus": ["their", "its", "your", "his", "her"], "versi\u00f3n": ["version", "rendering", "translation", "edition"], "insistieron": ["insisted"], "ojos": ["eyes"], "96000": ["96000"], "consejeros": ["counselors", "advisors"], "conservadores": ["conservatives", "conservative", "Tories", "curators", "keepers"], "red": ["network", "web", "net", "grid", "netting"], "UGT": ["UGT"], "Rodolfo": ["Rodolfo"], "retribuci\u00f3n": ["renumeration"], "imputados": ["imputed"], "pensaba": ["thought"], "dinero": ["money"], "debe": ["should", "you may", "debit"], "Gast\u00f3": ["he spent"], "embaucadora": ["trickster"], "Zapatero": ["shoemaker", "cobbler"], "Miguel": ["Miguel"], "despu\u00e9s": ["after", "later", "afterwards", "afterward", "subsequently", "then", "next"], "no": ["do not", "not", "no", "nay"], "como": ["how come", "as", "like", "by the way"], "profesional": ["profesional", "vocational", "occupational", "pro"], "Mart\u00edn": ["Mart\u00edn"], "aunque": ["even if", "although", "though", "even though", "while", "albeit"], "asegur\u00f3": ["said"], "alto": ["high", "tall", "lofty", "upper", "loud", "upward", "long", "stop", "halt", "standstill", "loud", "aloud"], "El": ["the"], "confesaron": ["confessed"], "iguales": ["equal", "same", "like", "alike", "even", "duplicate", "uniform"], "tarjetas": ["cards"], "175200": ["175200"], "Madrid": ["Madrid"], "la": ["the", "you", "her", "it"], "asunto": ["matter", "subject", "issue", "topic", "case", "business", "concern", "affair", "thing", "item"], "Durante": ["during", "pending"], "le": ["you", "him", "it", "her", "to her"], "vivieron": ["lived"], "les": ["them"], "hac\u00edan": ["made", "did", "caused", "asked", "lumbered", "perpetrated", "took on", "pulled", "created"], "constructor": ["constructor", "builder", "maker"], "que": ["what", "that", "than"], "personajes": ["characters", "personages"], "Es": ["this is", "you are"], "con": ["with", "by", "cum"], "cualquier": ["any", "whatever", "whichever"], "Azcona": ["Azcona"], "No": ["do not", "not", "no", "nope"], "civil": ["civil", "civilian"], "pero": ["but", "only"], "Juan": ["Juan"], "secretario": ["secretary", "clerk", "registar", "sec"], "escuchar": ["listen", "heed", "hear", "listen in", "harken", "pay attention"], "mayor\u00eda": ["most", "majority", "bulk", "plurality", "many"], "son": ["are"], "t\u00e9cnica": ["technique"], "cada": ["each", "every"], "Caja": ["box", "case", "casing", "cash", "shaft", "well", "crate", "barrel", "drawer", "cashbox"], "Luz\u00f3n": ["Luz\u00f3n"], "ante": ["before", "in the face of", "buckskin", "suede"], "declar\u00f3": ["stated", "declared", "adjudged", "stated", "testified", "pronounced", "announced", "proclaimed", "registered", "adjudicated"], "uno": ["one"], "consejero": ["counselor", "advisor"], "representaci\u00f3n": ["representation", "rendering", "performance", "depiction", "picture"], "Marcos": ["Marcos"], "pagar": ["pay"], "estaban": ["were"], "los": ["the", "them"], "expresidenta": ["former president"], "miembro": ["member", "limb", "fellow", "leaguer"], "ellos": ["they", "them"], "situaci\u00f3n": ["situation", "position", "posture", "location", "state of affairs"], "quisieran": ["wanted"], "Estado": ["state", "status", "condition", "polity", "estate", "list", "summary", "report", "statement", "order"], "pusieron": ["they put", "put"], "fiscal": ["fiscal", "tax", "prosecutor"], "Blesa": ["Blesa"], "Javier": ["Javier"], "temor": ["fear", "awe", "misgiving", "apprehensiveness"], "moleste": ["bother", "disturb", "annoy", "irritate", "nettle"], "pacto": ["pact", "covenant", "compact", "accord", "agreement"], "CC": ["CC", "DC"], "parte": ["part", "party", "side"], "asuntos": ["issues"], "gasten": ["spend"], "impuestos": ["taxation"], "convence": ["convinces"], "directivos": ["managers"], "ha": ["has"], "lista": ["list", "register", "roster", "roll", "table"], "econ\u00f3mica": ["economic", "economical", "fiscal", "thrifty", "saving", "inexpensive", "sparing"], "pagaba": ["paid"], "he": ["I have"], "me": ["me", "myself"], "representante": ["representative", "agent", "deputy", "salesman"], "gracias": ["thanks"], "caso": ["case", "instance", "subject", "affair", "occurrence"], "129700": ["129700"], "un": ["a", "an", "one"], "Alejandro": ["Alejandro"], "Bankia": ["Bankia"], "fue": ["was"], "del": ["the"], "era": ["era", "age", "eon"], "Guillermo": ["Guillermo"], "tres": ["three"], "empresario": ["businessman", "entrepreneur", "showman", "impresario", "promoter", "capitalist", "manager", "fabricator"], "progresistas": ["progressive", "progressives"], "emple\u00f3": ["employed"], "ex": ["former", "ex", "late"], "control": ["control", "restraint", "grasp", "grip", "handgrip", "check", "checkpoint", "censorship", "censor"], "este": ["this", "this one", "east"], "analizar": ["analyse", "break down", "dissect"], "pymes": ["SMEs"], "155": ["155"], "esta": ["this", "this one"], "La": ["the", "a", "la", "you", "her", "it"], "eran": ["were", "came", "played"], "culpa": ["guilt", "fault", "blame", "onus"], "comunistas": ["communists", "communist"], "al": ["to the", "at the"], "tarjeta": ["card"], "primeros": ["first"], "gastos": ["expenses"], "pidi\u00f3": ["asked", "inquired", "requested", "ordered", "demanded"], "Estanislao": ["Estanislao"], "tan": ["so", "such", "this", "that"], "Real": ["Real", "real", "actual", "royal", "regal", "doable", "kingly"], "gasto": ["expense"], "para": ["to", "for", "as", "by", "at"], "empresarios": ["businessmen"], "pod\u00edan": ["could"], "delegado": ["delegate", "deputy"], "Gonzalo": ["Gonzalo"], "Tributaria": ["tax"], "Andreu": ["Andreu"], "cuatro": ["four"], "Cafranga": ["Cafranga"], "Pascual": ["Pascual", "paschal"], "hecho": ["done", "fact", "deed", "factor", "issue", "point of fact", "complete", "completed", "taken", "mature"], "comisi\u00f3n": ["commission", "committee", "assignment", "board", "inquiry"], "todos": ["all", "every"], "mandatos": ["mandates", "commands", "instructions", "terms", "orders"], "A": ["to", "at", "of", "into", "by", "per", "upon"], "caer": ["fall out", "fall", "fall down", "drop", "come down", "go down", "sink", "fall off", "tumble down", "tumble"], "sutil": ["subtle", "subtile", "fine", "nice", "nugatory"], "entienden": ["understand"], "una": ["a", "an", "one"], "y": ["and"], "Fernando": ["Fernando"], "descubiertos": ["discovered", "uncovered", "exposed", "bare", "opened", "learned", "bareheaded"], "unos": ["about", "some", "few", "some"], "credibilidad": ["credibility"], "exministro": ["former minister"], "millones": ["million"], "grupo": ["group"], "gastarse": ["wear out"], "mal": ["wrong", "evil", "damage", "badly", "poorly"], "las": ["the", "them"], "a": ["to", "at", "of", "into", "by", "per", "upon"], "Consejo": ["advice", "council", "counsel", "tip", "hint", "piece of advice", "rede", "committee", "senate", "congress"], "Benito": ["Benito"], "hoja": ["sheet", "leaf", "blade", "foil"], "muchos": ["many"], "su": ["his", "your", "its", "their", "her"], "Agencia": ["agency", "ministration"], "privado": ["private", "proprietary", "privy", "bereft", "deprived"], "decidi\u00f3": ["decided", "determined", "made up one's mind", "made a decision", "adjudged", "clinched", "had in mind", "ruled", "sealed"], "actuaron": ["acted"], "Rato": ["time", "while", "instant", "little", "bit"], "254000": ["254000"], "Otros": ["others"], "sentirse": ["feel", "come over"], "se": ["are", "onself", "self"]}